{
  "output_dir": "/Users/kristjan/Desktop/hom_ode/geom_bank_compact_nomvw",
  "vw_values": [
    0.3,
    0.5,
    0.7,
    0.9,
    1.0
  ],
  "H_star_values": [
    0.05,
    0.1,
    0.2,
    0.5,
    1.0,
    1.5,
    2.0
  ],
  "b_values": [
    1.0,
    2.0,
    3.0,
    4.0,
    5.0,
    6.0,
    8.0,
    10.0,
    12.0,
    16.0,
    20.0,
    25.0,
    32.0,
    40.0
  ],
  "kappa_values": [
    0.01,
    0.02,
    0.03,
    0.04,
    0.05,
    0.06,
    0.07,
    0.08,
    0.09,
    0.1,
    0.11,
    0.12,
    0.13,
    0.14,
    0.15,
    0.16,
    0.17,
    0.18,
    0.19,
    0.2,
    0.22,
    0.24,
    0.26,
    0.28,
    0.3,
    0.32,
    0.34,
    0.36,
    0.38,
    0.4,
    0.45,
    0.5,
    0.55,
    0.6,
    0.65,
    0.7,
    0.75,
    0.8
  ],
  "mphi": 1.0,
  "P_crit": 0.01,
  "dx": 0.005,
  "N_R": 1600,
  "x_max": 20.0,
  "x_min_factor": -0.49,
  "workers": 7,
  "kappa_definition": "R_min = kappa / mphi",
  "rmax_by_vw": {
    "0.3": 13.785796284277488,
    "0.5": 20.197359454206563,
    "0.7": 25.887309649315007,
    "0.9": 31.11022562817666,
    "1.0": 33.588861641906
  }
}