{
  "model": "effective_ftilde_from_xidm_with_global_finf_and_compact_vw_C_r",
  "formula": "ftilde = [ (C(vw) * finf(theta))^r(vw) + f0(theta)^r(vw) / ((2/3 tp)^(3 r(vw)/2)) ]^(1/r(vw)), C(vw)=C0*vw^p, r(vw)=r0+r1*vw",
  "fixed_f0": {
    "A_f": 0.37293632597,
    "gamma_f": 1.2033986788
  },
  "f_inf": {
    "A_inf": 3.7551668419531743,
    "gamma_inf": 0.23676930048605527
  },
  "C_law": {
    "C0": 0.2615556686830421,
    "p": 0.013110028861343707
  },
  "r_law": {
    "r0": 0.7466511138495738,
    "r1": 0.4125308570241076
  },
  "C_by_vw": {
    "0.3": 0.25745965411751026,
    "0.5": 0.25918963194337064,
    "0.7": 0.2603354844820682,
    "0.9": 0.26119463662611775
  },
  "r_by_vw": {
    "0.3": 0.8704103709568061,
    "0.5": 0.9529165423616276,
    "0.7": 1.0354227137664491,
    "0.9": 1.1179288851712705
  },
  "success": true,
  "cost": 2.8072323193323703,
  "nfev": 19,
  "global_rel_rmse": 0.05558432660978279,
  "global_log_rmse": 0.05511923634927895,
  "by_vw_rel_rmse": {
    "0.3": 0.05545730852843812,
    "0.5": 0.055971554197967094,
    "0.7": 0.056393304287430696,
    "0.9": 0.054497125994339715
  }
}