{
  "model": "paper_ansatz_direct_ode",
  "formula": "fanh = [ (C * finf(theta))^r + f0(theta)^r / ((2/3 tp)^(3r/2)) ]^(1/r)",
  "fixed_fanh_noPT": {
    "A_f": 0.37293632597,
    "gamma_f": 1.2033986788
  },
  "fit_params": {
    "A_inf": 0.36180926497902666,
    "gamma_inf": 0.17478372166281422,
    "C": 2.7295154724719377,
    "r": 1.2135762849187215,
    "success": true,
    "nfev": 10,
    "cost": 0.8878931735631679
  },
  "global_rel_rmse": 0.0477976621438734,
  "global_log_rmse": 0.047898826771710985,
  "per_theta_rel_rmse": {
    "0.261800": 0.02966476380836272,
    "0.785400": 0.005896895134491941,
    "1.309000": 0.03173693662265056,
    "1.833000": 0.06007655627152633,
    "2.356000": 0.05012961929024547,
    "2.880000": 0.07525638155442438
  }
}