{
  "method": "local_linearized_covariance_from_finite_difference_jacobian",
  "n_points": 1848,
  "n_params": 13,
  "rss": 15.77428647227106,
  "residual_std": 0.0927164570169859,
  "params": {
    "s_0.3": {
      "best": 0.1297397878886659,
      "sigma": 0.0015203548332702577,
      "minus_1sigma": 0.12821943305539563,
      "plus_1sigma": 0.13126014272193615
    },
    "s_0.5": {
      "best": 0.17721569422477954,
      "sigma": 0.0021801530301451266,
      "minus_1sigma": 0.1750355411946344,
      "plus_1sigma": 0.17939584725492466
    },
    "s_0.7": {
      "best": 0.2500414256406645,
      "sigma": 0.0032083262335637327,
      "minus_1sigma": 0.24683309940710077,
      "plus_1sigma": 0.2532497518742282
    },
    "s_0.9": {
      "best": 0.37230612488506104,
      "sigma": 0.00747642771077218,
      "minus_1sigma": 0.36482969717428887,
      "plus_1sigma": 0.3797825525958332
    },
    "p": {
      "best": 3.2461426726972884,
      "sigma": 0.09640268072032664,
      "minus_1sigma": 3.1497399919769618,
      "plus_1sigma": 3.342545353417615
    },
    "lambda_A": {
      "best": 1.5564301454941902,
      "sigma": 0.021956438767811365,
      "minus_1sigma": 1.534473706726379,
      "plus_1sigma": 1.5783865842620015
    },
    "lambda_gamma": {
      "best": 0.39017964970521263,
      "sigma": 0.011500294941213674,
      "minus_1sigma": 0.37867935476399894,
      "plus_1sigma": 0.4016799446464263
    },
    "A0_0.261799": {
      "best": 0.0675060279166707,
      "sigma": 0.04318434461206108,
      "minus_1sigma": 0.024321683304609612,
      "plus_1sigma": 0.11069037252873178
    },
    "A0_0.785398": {
      "best": 0.2208123085663919,
      "sigma": 0.04251084341211143,
      "minus_1sigma": 0.17830146515428047,
      "plus_1sigma": 0.2633231519785033
    },
    "A0_1.308997": {
      "best": 0.6833103890463863,
      "sigma": 0.05056588466037707,
      "minus_1sigma": 0.6327445043860093,
      "plus_1sigma": 0.7338762737067633
    },
    "A0_1.832596": {
      "best": 1.054589382258309,
      "sigma": 0.057817994947794056,
      "minus_1sigma": 0.996771387310515,
      "plus_1sigma": 1.1124073772061032
    },
    "A0_2.356194": {
      "best": 1.5819170157989622,
      "sigma": 0.07604327328367713,
      "minus_1sigma": 1.505873742515285,
      "plus_1sigma": 1.6579602890826393
    },
    "A0_2.879793": {
      "best": 2.1664480046355505,
      "sigma": 0.09857095209828523,
      "minus_1sigma": 2.0678770525372654,
      "plus_1sigma": 2.2650189567338357
    }
  },
  "derived_lambda_theta": {
    "0.261799": {
      "best": 1.5668114938602913,
      "sigma": 0.02196635676631571,
      "minus_1sigma": 1.5448451370939755,
      "plus_1sigma": 1.588777850626607
    },
    "0.785398": {
      "best": 1.6483073829371924,
      "sigma": 0.02213807754762993,
      "minus_1sigma": 1.6261693053895625,
      "plus_1sigma": 1.6704454604848222
    },
    "1.308997": {
      "best": 1.805516677177506,
      "sigma": 0.02302026058930332,
      "minus_1sigma": 1.7824964165882027,
      "plus_1sigma": 1.8285369377668093
    },
    "1.832596": {
      "best": 2.03686482681655,
      "sigma": 0.0258561743011508,
      "minus_1sigma": 2.011008652515399,
      "plus_1sigma": 2.062721001117701
    },
    "2.356194": {
      "best": 2.3646996046058746,
      "sigma": 0.03296710205814751,
      "minus_1sigma": 2.331732502547727,
      "plus_1sigma": 2.397666706664022
    },
    "2.879793": {
      "best": 2.932839354829668,
      "sigma": 0.05167834964375783,
      "minus_1sigma": 2.88116100518591,
      "plus_1sigma": 2.9845177044734257
    }
  }
}