{
  "variant": "xi_paper",
  "model": "xi = xi_dm*[(1-eps_BM)^lambda + A0*(gamma_w*vw)^p_mink*(a_p/a_*)^-2*G_BM]; xi_dm=[1+(C0*Finf/Fanh*tau^1.5)^r]^{1/r}, r=r0+r1*vw, tau=(2/3)t_p; kappa=s*vw*kappa_pilot^q_k",
  "reference": "manuscript Eq. (ratio_fit); global fit to lattice sims, log-RMSE ~10%",
  "xi_dm": {
    "C0": 2.055654899236512,
    "r0": 0.7505936356327543,
    "r1": 0.2931769868195087,
    "a": 1.5,
    "xi_floor": 1.0
  },
  "lambda": 2.271113614899216,
  "A0": 0.11696682841105574,
  "velocity": {
    "p_mink": 0.604,
    "form": "(gamma_w*vw)^p_mink / (1+(sqrt3/2)*H*Rc/vw)^2"
  },
  "kappa": {
    "s": 0.6950809047707429,
    "q_k": 0.7166408687279807,
    "analytic_eps": 2.23299,
    "form": "kappa = s*vw*kappa_pilot_analytic^q_k"
  },
  "fanh": {
    "eps0": 2.720719542376229,
    "alpha0": 1.273071620930409
  },
  "finf": {
    "eps_inf": 1.736643,
    "alpha_inf": -0.462016
  },
  "fit": {
    "rmse_log": 0.1040703120025648,
    "N": 1991,
    "geom_convention": "G_BM"
  }
}