{
  "variant": "broken_powerlaw_82b_lamtheta",
  "lambda_mode": "x",
  "model": "xi_pred = xi_dm_bpl[(1-f_BM)^lambda(theta) + A0(theta)*vw^p*f_BM*G_BM], q=2, kappa=s(vw)*pilot_kappa",
  "xi_dm_mode": "broken_powerlaw_ftilde",
  "fanh_summary_file": "paper_codes/ode_plots/effective_ftilde_by_vw_summary.json",
  "fanh_vw_laws": {
    "C(vw)": "C0 * vw^p",
    "r(vw)": "r0 + r1 * vw"
  },
  "overall_rel_rmse": 0.10355713767928362,
  "s_by_vw": {
    "0.3": 0.1297397878886659,
    "0.5": 0.17721569422477954,
    "0.7": 0.2500414256406645,
    "0.9": 0.37230612488506104
  },
  "p": 3.2461426726972884,
  "q": 2.0,
  "A0_theta": {
    "0.261799": 0.0675060279166707,
    "0.785398": 0.2208123085663919,
    "1.308997": 0.6833103890463863,
    "1.832596": 1.054589382258309,
    "2.356194": 1.5819170157989622,
    "2.879793": 2.1664480046355505
  },
  "A0_theta_monotone": true,
  "by_theta_rmse": {
    "0.261799": 0.09663364890963048,
    "0.785398": 0.07527740035247045,
    "1.308997": 0.0805669382528323,
    "1.832596": 0.08673376792665258,
    "2.356194": 0.08829902196258506,
    "2.879793": 0.1659193785029391
  },
  "lambda_law": {
    "A": 1.5564301454941902,
    "gamma": 0.39017964970521263
  }
}