{
  "theta0_range": [
    0.2617993877991494,
    2.879793265790644
  ],
  "vw_range": [
    0.3,
    0.9
  ],
  "hstar_range": [
    0.05,
    2.0
  ],
  "beta_over_h_range": [
    4.0,
    40.0
  ],
  "theta0_grid": [
    0.2617993877991494,
    0.7853981633974483,
    1.308996938995747,
    1.832595714594046,
    2.356194490192345,
    2.879793265790644
  ],
  "vw_grid": [
    0.3,
    0.5,
    0.7,
    0.9
  ],
  "hstar_grid": [
    0.05,
    0.1,
    0.2,
    0.5,
    1.0,
    1.5,
    2.0
  ],
  "beta_over_h_grid": [
    4.0,
    5.0,
    6.0,
    8.0,
    10.0,
    12.0,
    16.0,
    20.0,
    25.0,
    32.0,
    40.0
  ],
  "model": "xi_pred = xi_dm_bpl[(1-f_BM)^lambda(theta) + A0(theta)*vw^p*f_BM*G_BM], q=2, kappa=s(vw)*pilot_kappa"
}